PCA_1,PCA_2,PCA_3,PCA_4,PCA_5,PCA_6,PCA_7,PCA_8,PCA_9,PCA_10,prediction,target
-1.3720083723009846,0.2724365081476193,-0.7278569862391268,-1.362352737011422,0.26101229468983844,-1.502574934933655,-0.6758767460242953,0.6180431457346457,0.0025198938748365535,-0.023471065108206006,1,1
-1.3720083723009846,0.2724365081476193,-0.7278569862391268,-1.362352737011422,0.26101229468983844,-1.502574934933655,-0.6758767460242953,0.6180431457346457,0.0025198938748365535,-0.023471065108206006,0,1
-1.3720083723009846,0.2724365081476193,-0.7278569862391268,-1.362352737011422,0.26101229468983844,-1.502574934933655,-0.6758767460242953,0.6180431457346457,0.0025198938748365535,-0.023471065108206006,0,0
-1.3720083723009846,0.2724365081476193,-0.7278569862391268,-1.362352737011422,0.26101229468983844,-1.502574934933655,-0.6758767460242953,0.6180431457346457,0.0025198938748365535,-0.023471065108206006,0,1
-1.3720083723009846,0.2724365081476193,-0.7278569862391268,-1.362352737011422,0.26101229468983844,-1.502574934933655,-0.6758767460242953,0.6180431457346457,0.0025198938748365535,-0.023471065108206006,0,0
-1.3720083723009846,0.2724365081476193,-0.7278569862391268,-1.362352737011422,0.26101229468983844,-1.502574934933655,-0.6758767460242953,0.6180431457346457,0.0025198938748365535,-0.023471065108206006,0,1
