{
  "val": {
    "accuracy": 0.973404255319149,
    "precision": 0.9479166666666666,
    "recall": 0.9820143884892086,
    "f1": 0.9646643109540636,
    "auc": 0.9975905351668034
  },
  "test": {
    "accuracy": 0.9561752988047809,
    "precision": 0.9238754325259516,
    "recall": 0.960431654676259,
    "f1": 0.9417989417989417,
    "auc": 0.9937069291934874
  }
}