{
  "val": {
    "accuracy": 0.9707446808510638,
    "precision": 0.9475524475524476,
    "recall": 0.9748201438848921,
    "f1": 0.9609929078014184,
    "auc": 0.9966533102631818
  },
  "test": {
    "accuracy": 0.9641434262948207,
    "precision": 0.9283276450511946,
    "recall": 0.9784172661870504,
    "f1": 0.9527145359019265,
    "auc": 0.9951079136690648
  }
}