{
  "val": {
    "accuracy": 0.9641434262948207,
    "precision": 0.9375,
    "recall": 0.967741935483871,
    "f1": 0.9523809523809523,
    "auc": 0.9954025074482404
  },
  "test": {
    "accuracy": 0.9628154050464808,
    "precision": 0.9251700680272109,
    "recall": 0.9784172661870504,
    "f1": 0.951048951048951,
    "auc": 0.9964975388110564
  }
}